feature,score
Cytoplasm_Texture_InfoMeas2_Phalloidin_10_01_256,0.03402487771830984
Nuclei_Correlation_Overlap_ConA_Cycle01_DAPI,0.03314058935887029
Cells_Correlation_Overlap_DAPI_Painting_WGA,0.03635164011564608
Nuclei_RadialDistribution_FracAtD_DAPI_Painting_3of4,0.03613476204775594
Cells_RadialDistribution_FracAtD_mito_tubeness_20of20,0.03453949048208646
Nuclei_RadialDistribution_FracAtD_DAPI_Painting_1of4,0.03606971132786678
Cytoplasm_RadialDistribution_RadialCV_Phalloidin_4of4,0.035886574787348524
Cells_Texture_SumEntropy_DAPI_Painting_10_03_256,0.035450325602076706
Cytoplasm_RadialDistribution_RadialCV_WGA_3of4,0.03698277561886593
Nuclei_RadialDistribution_MeanFrac_WGA_1of4,0.03744598534328841
Nuclei_RadialDistribution_MeanFrac_Phalloidin_4of4,0.03708093293482121
Cells_Texture_DifferenceVariance_DAPI_Painting_10_03_256,0.03749821968140778
Cytoplasm_Texture_DifferenceVariance_DAPI_Painting_10_01_256,0.03549414094585143
Cells_RadialDistribution_MeanFrac_mito_tubeness_16of16,0.035739983944710764
Cytoplasm_Granularity_2_DAPI_Painting,0.03771262597222678
Cytoplasm_Texture_DifferenceVariance_DAPI_Painting_10_03_256,0.035472723378885455
Cells_RadialDistribution_FracAtD_mito_tubeness_18of20,0.036207703084607995
Nuclei_Correlation_Correlation_DAPI_Painting_Phalloidin,0.035702591284059795
Nuclei_Texture_InfoMeas1_ConA_10_01_256,0.036073610699736205
Cytoplasm_Texture_DifferenceEntropy_DAPI_Painting_10_02_256,0.03517772307176632
Cytoplasm_RadialDistribution_RadialCV_DAPI_Painting_2of4,0.0348273242154831
Cells_RadialDistribution_RadialCV_mito_tubeness_19of20,0.034006359725947385
Nuclei_Intensity_IntegratedIntensityEdge_DAPI_Painting,0.038597404560128536
Cells_RadialDistribution_MeanFrac_mito_tubeness_20of20,0.03664680896507402
Nuclei_Texture_InfoMeas1_Mito_10_03_256,0.035725690217585815
Cytoplasm_Texture_InfoMeas2_WGA_5_00_256,0.0353768762034508
Nuclei_Texture_InfoMeas1_Mito_10_02_256,0.03687090797238187
Cells_Texture_InfoMeas1_ConA_10_02_256,0.033835965821765006
Cells_Texture_Correlation_DAPI_Painting_5_03_256,0.036812685193034766
Cells_RadialDistribution_FracAtD_Phalloidin_3of4,0.037248075858413096
Cytoplasm_Texture_InfoMeas2_WGA_20_03_256,0.03704363685494147
Nuclei_Texture_Correlation_DAPI_Painting_10_03_256,0.0346650624080984
Cells_Texture_DifferenceVariance_DAPI_Painting_20_02_256,0.036932458737516646
Cells_RadialDistribution_RadialCV_mito_tubeness_16of16,0.033147927615170145
Cytoplasm_Granularity_1_DAPI_Painting,0.036302250489910246
Cytoplasm_RadialDistribution_RadialCV_Phalloidin_2of4,0.038039464366602375
Cells_RadialDistribution_RadialCV_mito_tubeness_6of20,0.03585871024731566
Nuclei_Texture_Correlation_DAPI_Painting_10_01_256,0.035749606488663696
Cells_Texture_InfoMeas1_WGA_20_01_256,0.03569954780248498
Cells_RadialDistribution_RadialCV_mito_tubeness_15of16,0.03474290172009497
Cells_Texture_AngularSecondMoment_DAPI_Painting_10_02_256,0.03621074029384292
Nuclei_Texture_InfoMeas1_WGA_10_00_256,0.036057756573382345
Cells_Texture_Correlation_DAPI_Painting_5_01_256,0.0362992306212379
Cytoplasm_Texture_DifferenceEntropy_DAPI_Painting_10_01_256,0.03558369338695528
Cytoplasm_Texture_DifferenceEntropy_DAPI_Painting_10_03_256,0.034969708857262354
Cells_RadialDistribution_FracAtD_mito_tubeness_19of20,0.03743107478093451
Cells_RadialDistribution_RadialCV_mito_tubeness_7of20,0.03569956153369083
Cells_RadialDistribution_RadialCV_mito_tubeness_6of16,0.03537741184456881
Cells_RadialDistribution_RadialCV_WGA_4of4,0.03830717798258863
Nuclei_RadialDistribution_FracAtD_Mito_2of4,0.03927528441943655
Cells_AreaShape_Compactness,0.034891503592839296
Nuclei_Texture_InfoMeas2_DAPI_Painting_10_03_256,0.040039516279621455
Nuclei_Texture_InfoMeas1_Mito_5_03_256,0.03667565709776571
Cells_Intensity_MeanIntensity_DAPI_Painting,0.03409726630955916
Cells_Texture_InfoMeas1_DAPI_Painting_10_00_256,0.03726308030528412
Cytoplasm_Granularity_2_Mito,0.03876948702330161
Nuclei_Texture_InfoMeas1_Mito_5_01_256,0.0368466272025712
Cytoplasm_Correlation_K_DAPI_Painting_Cycle01_DAPI,0.03562878923465209
Cells_RadialDistribution_MeanFrac_ConA_3of4,0.03666636426339117
Nuclei_Texture_Correlation_DAPI_Painting_10_02_256,0.035383408187501006
Cells_Texture_Contrast_ConA_20_01_256,0.04015018430141347
Cells_RadialDistribution_RadialCV_mito_tubeness_8of20,0.03599004297559038
Nuclei_Texture_SumAverage_DAPI_Painting_10_03_256,0.03450927888094675
Cells_RadialDistribution_FracAtD_mito_tubeness_15of20,0.034650695159806066
Cytoplasm_RadialDistribution_RadialCV_DAPI_Painting_3of4,0.033513662629710596
Cells_Texture_Correlation_DAPI_Painting_5_00_256,0.03802758751601224
Cells_RadialDistribution_RadialCV_mito_tubeness_18of20,0.036332787067175444
Cells_Texture_InfoMeas1_DAPI_Painting_20_02_256,0.03373734329760147
Cytoplasm_Texture_SumVariance_DAPI_Painting_20_03_256,0.03579460907831159
Cytoplasm_Texture_InfoMeas1_ConA_5_00_256,0.03609981926510233
Cells_Texture_InfoMeas2_DAPI_Painting_20_00_256,0.034788902038173315
Nuclei_Correlation_Correlation_Cycle01_DAPI_Mito,0.035923029268239974
Cells_RadialDistribution_RadialCV_mito_tubeness_5of20,0.03560952685672651
Cells_RadialDistribution_FracAtD_Phalloidin_4of4,0.037466185876282504
Nuclei_Texture_SumVariance_Mito_10_03_256,0.0375034245798047
Cells_Texture_SumVariance_DAPI_Painting_10_03_256,0.03607535707305048
Nuclei_Texture_AngularSecondMoment_DAPI_Painting_10_00_256,0.036371454561739264
Cells_Texture_Correlation_DAPI_Painting_5_02_256,0.037731891918772464
Cells_Texture_InfoMeas1_DAPI_Painting_20_00_256,0.033016593133744165
Nuclei_RadialDistribution_RadialCV_DAPI_Painting_4of4,0.036880613125216274
Cytoplasm_Texture_SumVariance_DAPI_Painting_20_01_256,0.03509798095171467
Cells_Texture_Contrast_DAPI_Painting_20_02_256,0.03874897523872548
Nuclei_RadialDistribution_RadialCV_DAPI_Painting_1of4,0.03274813968323846
Nuclei_Texture_Correlation_DAPI_Painting_10_00_256,0.03566912803639226
Nuclei_Intensity_IntegratedIntensityEdge_Phalloidin,0.03739336667977616
Cells_Texture_Correlation_ConA_10_00_256,0.03878414395259202
Cytoplasm_Intensity_MeanIntensityEdge_Mito,0.039929080975897605
Cytoplasm_RadialDistribution_MeanFrac_mito_tubeness_18of20,0.03298469131683885
Cells_Correlation_Overlap_Cycle01_DAPI_Mito,0.03784152709739352
Cytoplasm_Texture_AngularSecondMoment_ConA_10_03_256,0.03910190275320684
Cells_RadialDistribution_FracAtD_mito_tubeness_5of20,0.03729577822372137
Cells_Texture_InfoMeas1_Mito_5_03_256,0.035278558215417914
Cytoplasm_Texture_AngularSecondMoment_Phalloidin_20_01_256,0.03587613811385995
Nuclei_Texture_AngularSecondMoment_ConA_5_01_256,0.03828115659573307
Cytoplasm_Correlation_Correlation_ConA_DAPI_Painting,0.04012081749213174
Nuclei_RadialDistribution_FracAtD_ConA_4of4,0.03990806682918901
Nuclei_Texture_Entropy_DAPI_Painting_10_00_256,0.03519892127292469
Cells_Granularity_2_WGA,0.03714034924006333
Cells_Texture_InfoMeas1_Phalloidin_5_01_256,0.03511434750579553
Cytoplasm_Correlation_K_Mito_DAPI_Painting,0.04027813637883089
Cells_Texture_InfoMeas2_Mito_5_00_256,0.036394701074694544
Nuclei_ObjectSkeleton_TotalObjectSkeletonLength_mito_skel,0.03706067384783868
Cytoplasm_RadialDistribution_RadialCV_DAPI_Painting_1of4,0.03432229680573457
Cells_Texture_Correlation_WGA_10_02_256,0.037779870423903184
Cells_Intensity_MassDisplacement_DAPI_Painting,0.03424046664380892
Nuclei_AreaShape_Zernike_0_0,0.03760445813668043
Cells_Texture_InverseDifferenceMoment_DAPI_Painting_20_02_256,0.034430497190974664
Cells_Granularity_1_DAPI_Painting,0.03664741812489854
Cells_Texture_InverseDifferenceMoment_DAPI_Painting_20_00_256,0.03374619390530479
Cytoplasm_Texture_Correlation_DAPI_Painting_5_01_256,0.034369046318856074
Cells_RadialDistribution_FracAtD_mito_tubeness_3of16,0.03626815893578683
Nuclei_Texture_InfoMeas2_Mito_5_02_256,0.03805531135015337
Nuclei_Texture_InfoMeas2_Phalloidin_5_00_256,0.037847195271826756
Cytoplasm_Texture_Correlation_DAPI_Painting_5_03_256,0.03435875311074449
Cytoplasm_RadialDistribution_RadialCV_ConA_1of4,0.03684741122656065
Cytoplasm_Intensity_MassDisplacement_DAPI_Painting,0.03562566367731061
Cells_RadialDistribution_MeanFrac_mito_tubeness_2of20,0.03367633040854061
Cells_RadialDistribution_MeanFrac_DAPI_Painting_3of4,0.038266280770142165
Cells_AreaShape_Solidity,0.034710028254993495
Cells_RadialDistribution_RadialCV_mito_tubeness_9of20,0.03688698922990545
Cytoplasm_Texture_SumAverage_DAPI_Painting_10_03_256,0.03548953792257911
Nuclei_Granularity_5_Mito,0.0374470764896861
Cytoplasm_Texture_DifferenceEntropy_DAPI_Painting_20_00_256,0.03670987628285859
Cytoplasm_Texture_InfoMeas2_DAPI_Painting_10_01_256,0.033612526723558155
Cytoplasm_Texture_Correlation_DAPI_Painting_10_00_256,0.03435940544647241
Cytoplasm_Texture_SumAverage_DAPI_Painting_20_02_256,0.032700556504071714
Cytoplasm_RadialDistribution_MeanFrac_mito_tubeness_16of16,0.034247612924905434
Cells_Intensity_MedianIntensity_DAPI_Painting,0.037093539637089216
Cells_AreaShape_Zernike_0_0,0.03358611396797094
Cytoplasm_Correlation_K_Cycle01_DAPI_DAPI_Painting,0.036154142469620724
Nuclei_AreaShape_HuMoment_0,0.03693041283127208
Cytoplasm_Texture_Correlation_Mito_5_01_256,0.03580697433089386
Cells_RadialDistribution_MeanFrac_mito_tubeness_13of20,0.039466983755372484
Cells_Texture_InfoMeas1_DAPI_Painting_5_03_256,0.03668176127924356
Cytoplasm_Texture_DifferenceEntropy_DAPI_Painting_20_02_256,0.03770452549909579
Cytoplasm_Texture_Correlation_DAPI_Painting_10_02_256,0.0347908804422906
Cells_AreaShape_Extent,0.0333167182090426
Cytoplasm_Intensity_IntegratedIntensityEdge_DAPI_Painting,0.04007360664782045
Cells_Texture_InfoMeas1_DAPI_Painting_5_01_256,0.035836965454536115
Cytoplasm_Texture_Correlation_Phalloidin_10_00_256,0.03454968919596151
Nuclei_AreaShape_SpatialMoment_2_3,0.03975854838987008
Cytoplasm_Intensity_IntegratedIntensity_DAPI_Painting,0.036402907232645686
Cytoplasm_Texture_Correlation_Mito_5_03_256,0.035594387234560924
Cells_RadialDistribution_FracAtD_mito_tubeness_3of20,0.03616352957623321
Cells_Texture_Entropy_DAPI_Painting_20_02_256,0.0369463408672378
Cells_RadialDistribution_MeanFrac_Mito_4of4,0.03494826703649191
Cells_RadialDistribution_RadialCV_mito_tubeness_14of16,0.03696607539955228
Nuclei_Neighbors_FirstClosestDistance_2,0.03877418596020049
Nuclei_RadialDistribution_RadialCV_ConA_1of4,0.03292195815434765
Cytoplasm_Texture_SumAverage_DAPI_Painting_20_00_256,0.031179237915096795
Nuclei_Granularity_3_ConA,0.03786064157576819
Cytoplasm_Texture_AngularSecondMoment_DAPI_Painting_20_03_256,0.036745347085955164
Cytoplasm_Texture_AngularSecondMoment_DAPI_Painting_20_01_256,0.03695480072409461
Cells_Texture_Correlation_Phalloidin_5_01_256,0.039364447145511954
Cells_AreaShape_Zernike_2_0,0.03530983802943047
Cells_Texture_Entropy_DAPI_Painting_20_00_256,0.03651119323111245
Cells_RadialDistribution_FracAtD_WGA_2of4,0.036611226445158615
Nuclei_Texture_InfoMeas1_WGA_5_00_256,0.037299518650075664
Cells_Texture_Correlation_Mito_5_03_256,0.038513145284447756
Cytoplasm_Texture_InfoMeas2_DAPI_Painting_20_00_256,0.03268115755067344
Cells_RadialDistribution_FracAtD_mito_tubeness_14of16,0.038238438922996006
Nuclei_Texture_InfoMeas1_WGA_5_02_256,0.03728820345700523
Cytoplasm_AreaShape_SpatialMoment_2_3,0.038730350169314615
Cytoplasm_Texture_InfoMeas2_DAPI_Painting_20_02_256,0.03227905778127354
Cytoplasm_RadialDistribution_FracAtD_mito_tubeness_18of20,0.03336433563872263
Nuclei_RadialDistribution_FracAtD_Mito_1of4,0.036799486496734715
Nuclei_AreaShape_Zernike_9_9,0.03540212729447232
Cells_Intensity_UpperQuartileIntensity_DAPI_Painting,0.03513081156113038
Nuclei_AreaShape_Zernike_6_4,0.03676877220921209
Nuclei_AreaShape_FormFactor,0.03844884028501936
Cytoplasm_Texture_Correlation_ConA_10_02_256,0.034460821472701304
Nuclei_RadialDistribution_RadialCV_DAPI_Painting_2of4,0.033453986565455854
Cells_Texture_Correlation_WGA_10_03_256,0.03438865113215579
Cytoplasm_Texture_DifferenceVariance_DAPI_Painting_20_01_256,0.03597602280988341
Nuclei_Granularity_2_WGA,0.03755918265920574
Nuclei_Texture_Correlation_DAPI_Painting_5_03_256,0.035675725615514124
Nuclei_AreaShape_Compactness,0.038305320498841326
Cytoplasm_Texture_InverseDifferenceMoment_DAPI_Painting_20_03_256,0.034605685379795734
Cytoplasm_Texture_InverseDifferenceMoment_DAPI_Painting_20_01_256,0.03560387121013626
Nuclei_AreaShape_NormalizedMoment_2_2,0.034438908992280436
Nuclei_Texture_Correlation_DAPI_Painting_5_01_256,0.035425343342771434
Cytoplasm_Texture_DifferenceVariance_DAPI_Painting_20_03_256,0.035285801809416956
Cytoplasm_AreaShape_Zernike_2_0,0.034881893540143316
Cells_AreaShape_Zernike_4_2,0.032457659356092065
Nuclei_AreaShape_Zernike_3_1,0.033618565092421206
Cells_AreaShape_HuMoment_0,0.03214318297847227
Cytoplasm_RadialDistribution_RadialCV_mito_tubeness_16of16,0.035046825544025634
Nuclei_AreaShape_InertiaTensorEigenvalues_1,0.038641883744418376
Cytoplasm_RadialDistribution_MeanFrac_DAPI_Painting_3of4,0.03844319819670381
Cells_Texture_Correlation_WGA_10_01_256,0.033529551904401315
Cells_RadialDistribution_RadialCV_mito_tubeness_10of20,0.03694535841875279
Nuclei_RadialDistribution_MeanFrac_Phalloidin_3of4,0.03554341147302791
Cells_Neighbors_PercentTouching_Adjacent,0.0382499409529338
Cytoplasm_Texture_InfoMeas1_DAPI_Painting_5_00_256,0.037243390586843464
Cells_Texture_SumAverage_DAPI_Painting_20_02_256,0.03475341160032915
Cells_Texture_SumAverage_DAPI_Painting_20_00_256,0.034030882154203204
Cytoplasm_RadialDistribution_MeanFrac_mito_tubeness_20of20,0.03117519120550082
Cytoplasm_Texture_InfoMeas1_DAPI_Painting_10_01_256,0.03304928164452886
Cells_AreaShape_NormalizedMoment_2_2,0.03248896285097885
Cells_Texture_SumVariance_DAPI_Painting_20_02_256,0.036784142481039214
Cells_Texture_InfoMeas1_ConA_5_02_256,0.03560894206771042
Cells_Texture_SumAverage_DAPI_Painting_20_01_256,0.03482358560323546
Cells_RadialDistribution_FracAtD_mito_tubeness_2of16,0.0362728117394812
Cells_Correlation_Overlap_Cycle01_DAPI_DAPI_Painting,0.030524508851301545
Cytoplasm_Texture_InfoMeas1_DAPI_Painting_10_03_256,0.032339561396822154
Cytoplasm_Texture_InfoMeas1_DAPI_Painting_5_02_256,0.037368439357283706
Cytoplasm_Texture_Correlation_DAPI_Painting_10_01_256,0.03523620339100467
Cytoplasm_RadialDistribution_MeanFrac_mito_tubeness_14of16,0.03261821133970894
Cells_Texture_InfoMeas1_Mito_5_00_256,0.03568190466171684
Nuclei_RadialDistribution_RadialCV_Mito_2of4,0.03331901573362044
Cells_Texture_SumVariance_DAPI_Painting_20_00_256,0.035946547032049095
Nuclei_Intensity_MeanIntensityEdge_DAPI_Painting,0.03876776572165566
Cells_RadialDistribution_RadialCV_mito_tubeness_17of20,0.03661506366701617
Cytoplasm_RadialDistribution_FracAtD_mito_tubeness_13of16,0.036932763903998314
Cells_Neighbors_FirstClosestDistance_10,0.034527131203109754
Nuclei_Granularity_6_Phalloidin,0.035087394758629174
Cells_RadialDistribution_RadialCV_mito_tubeness_4of20,0.031704358703117205
Cells_Texture_Correlation_DAPI_Painting_20_00_256,0.037179217907620236
Cells_AreaShape_Zernike_8_6,0.0298286838523742
Cells_Neighbors_PercentTouching_10,0.03709260419426203
Cells_RadialDistribution_RadialCV_DAPI_Painting_1of4,0.03345523709211508
Nuclei_Texture_Correlation_Mito_10_03_256,0.029634041513612302
Nuclei_Texture_Correlation_Phalloidin_10_00_256,0.028847857459701413
Nuclei_AreaShape_Zernike_4_4,0.03606030853946501
Cytoplasm_AreaShape_Eccentricity,0.03240340484473737
Cells_Texture_Correlation_DAPI_Painting_20_02_256,0.036975767880216025
Cells_AreaShape_Zernike_6_4,0.03168270900895915
Cells_AreaShape_HuMoment_1,0.030787028720232538
Cells_AreaShape_HuMoment_2,0.03216488760168465
Cytoplasm_Texture_Correlation_DAPI_Painting_5_00_256,0.03417334653661722
Nuclei_Texture_AngularSecondMoment_DAPI_Painting_10_03_256,0.03330880684751152
Cytoplasm_RadialDistribution_MeanFrac_WGA_2of4,0.03237301747366212
Cytoplasm_AreaShape_Zernike_8_6,0.03005581210414347
Cells_RadialDistribution_FracAtD_mito_tubeness_2of20,0.03330999421664805
Cytoplasm_RadialDistribution_MeanFrac_mito_tubeness_19of20,0.03560228982651954
Nuclei_Texture_Correlation_ConA_10_01_256,0.02954968360428124
Nuclei_Texture_AngularSecondMoment_DAPI_Painting_10_01_256,0.0331677677981583
Cytoplasm_AreaShape_Zernike_6_4,0.03132584656093917
Cells_AreaShape_MeanRadius,0.032477509042830824
Nuclei_Neighbors_SecondClosestDistance_2,0.037813361019005114
Cytoplasm_AreaShape_Zernike_4_0,0.03782996637915436
Cells_RadialDistribution_RadialCV_WGA_1of4,0.034148716654184987
Cytoplasm_Texture_Correlation_Mito_5_00_256,0.03489436190526856
Cells_Texture_Variance_DAPI_Painting_20_03_256,0.033420101875647805
Cells_Texture_Variance_DAPI_Painting_20_01_256,0.034338950335599215
Cytoplasm_Correlation_Overlap_DAPI_Painting_WGA,0.032323218500865565
Cytoplasm_RadialDistribution_MeanFrac_mito_tubeness_13of16,0.032503668840928715
Nuclei_AreaShape_Zernike_7_7,0.03299629928277872
Cells_Neighbors_AngleBetweenNeighbors_Adjacent,0.03154635794540511
Cytoplasm_Texture_Correlation_DAPI_Painting_10_03_256,0.034274177203253306
Cytoplasm_Texture_InfoMeas1_DAPI_Painting_10_02_256,0.03297108351630385
Cytoplasm_Correlation_Correlation_ConA_Cycle01_DAPI,0.03648812815404789
Cytoplasm_Texture_InfoMeas1_DAPI_Painting_10_00_256,0.03349893271079771
Cells_RadialDistribution_FracAtD_DAPI_Painting_2of4,0.03484514229239134
Cytoplasm_RadialDistribution_MeanFrac_Phalloidin_1of4,0.029531375397821732
Cytoplasm_Texture_Correlation_DAPI_Painting_5_02_256,0.03417000614282031
Cells_AreaShape_Zernike_4_0,0.030149518459979003
Cytoplasm_RadialDistribution_RadialCV_mito_tubeness_19of20,0.03141276118837751
Cytoplasm_Texture_Correlation_DAPI_Painting_20_01_256,0.03438210652896285
Nuclei_Correlation_K_Cycle01_DAPI_DAPI_Painting,0.031805516701400555
Cytoplasm_Texture_SumAverage_WGA_20_01_256,0.034980018251155535
Cells_RadialDistribution_FracAtD_ConA_1of4,0.03518738293465452
Nuclei_Texture_Correlation_Mito_10_02_256,0.031324529056621864
Cytoplasm_RadialDistribution_MeanFrac_DAPI_Painting_4of4,0.03642633628080166
Nuclei_AreaShape_Zernike_8_6,0.034774326364619766
Cytoplasm_RadialDistribution_RadialCV_mito_tubeness_18of20,0.03037616455323053
Cytoplasm_Texture_Correlation_DAPI_Painting_20_03_256,0.0331553095583634
Cytoplasm_Texture_Correlation_ConA_20_03_256,0.03505273507529331
Nuclei_AreaShape_Zernike_8_8,0.032943078454603564
Cells_Texture_Entropy_DAPI_Painting_20_03_256,0.03566589278250173
Cells_RadialDistribution_RadialCV_mito_tubeness_11of20,0.03347970016353838
Cells_Texture_SumVariance_DAPI_Painting_20_03_256,0.03385686697739963
Cells_Texture_SumVariance_DAPI_Painting_20_01_256,0.03455110915201044
Cytoplasm_Texture_Correlation_ConA_5_02_256,0.033601216231427644
Cells_RadialDistribution_RadialCV_mito_tubeness_3of16,0.02980756583146328
Cells_Texture_Entropy_DAPI_Painting_20_01_256,0.03584340714966452
Cytoplasm_Intensity_MaxIntensity_DAPI_Painting,0.03741899575604573
Cytoplasm_Texture_Correlation_Mito_20_01_256,0.03378278943435861
Cytoplasm_RadialDistribution_FracAtD_mito_tubeness_20of20,0.026475390339193577
Nuclei_Granularity_7_WGA,0.0353764401604502
Cytoplasm_Texture_InfoMeas2_DAPI_Painting_20_03_256,0.028337265368090565
Cytoplasm_Texture_Contrast_DAPI_Painting_20_03_256,0.02809390553343003
Nuclei_Granularity_1_Mito,0.035424356896572695
Cytoplasm_Texture_Contrast_DAPI_Painting_20_01_256,0.028411440458245587
Cytoplasm_Texture_SumVariance_DAPI_Painting_10_02_256,0.0366484427790649
Cells_RadialDistribution_RadialCV_DAPI_Painting_3of4,0.03297549450990195
Cytoplasm_Texture_InfoMeas1_DAPI_Painting_20_03_256,0.02695471453819921
Nuclei_Texture_Correlation_WGA_5_01_256,0.03225114998655986
Nuclei_Intensity_LowerQuartileIntensity_DAPI_Painting,0.036103756678737386
Cytoplasm_Texture_InfoMeas1_DAPI_Painting_20_00_256,0.027984185833492103
Cells_AreaShape_NormalizedMoment_0_2,0.029450701560720337
Cells_RadialDistribution_MeanFrac_mito_tubeness_1of16,0.02938995066685039
Cytoplasm_Texture_InfoMeas1_DAPI_Painting_20_02_256,0.028417861368184503
Cytoplasm_Texture_SumVariance_DAPI_Painting_5_01_256,0.03644294250146332
Cells_RadialDistribution_RadialCV_mito_tubeness_20of20,0.03289270975262584
Cells_AreaShape_Zernike_3_1,0.030542626277174616
Cytoplasm_Texture_InfoMeas2_DAPI_Painting_20_01_256,0.027609389022446165
Cytoplasm_Texture_InfoMeas2_DAPI_Painting_5_03_256,0.0337838129931484
Cells_Texture_DifferenceVariance_DAPI_Painting_20_03_256,0.03554236639063973
Cytoplasm_Texture_InfoMeas2_DAPI_Painting_5_01_256,0.033985476458585386
Nuclei_Intensity_MinIntensity_DAPI_Painting,0.03312546931703035
Cells_RadialDistribution_FracAtD_DAPI_Painting_3of4,0.032967531019410405
Cytoplasm_Texture_Entropy_Mito_20_01_256,0.034757715271259995
Cells_Texture_AngularSecondMoment_DAPI_Painting_20_03_256,0.03540356578503711
Cells_RadialDistribution_FracAtD_mito_tubeness_1of16,0.03150966737232855
Cells_Intensity_MeanIntensityEdge_WGA,0.03743654441674219
Cells_AreaShape_HuMoment_3,0.029590907704542434
Cytoplasm_AreaShape_FormFactor,0.034701283612719167
Cytoplasm_Intensity_MassDisplacement_Mito,0.034072914163190346
Cytoplasm_Texture_Correlation_ConA_10_01_256,0.029167284106898776
Cells_Texture_DifferenceVariance_DAPI_Painting_20_01_256,0.03547202160615246
Cells_Neighbors_SecondClosestDistance_Adjacent,0.03599774183999334
Cells_Texture_Correlation_ConA_20_01_256,0.0329546923394879
Cells_RadialDistribution_RadialCV_DAPI_Painting_4of4,0.031761752023692656
Cells_Texture_Correlation_WGA_5_00_256,0.03609052472989645
Cells_RadialDistribution_RadialCV_mito_tubeness_12of20,0.0332079545250005
Cells_Texture_Correlation_WGA_20_03_256,0.0335375629993718
Cytoplasm_RadialDistribution_FracAtD_mito_tubeness_19of20,0.03487003294320795
Cells_Texture_Correlation_DAPI_Painting_20_03_256,0.030041021062022152
Cytoplasm_Texture_Variance_DAPI_Painting_10_03_256,0.0356359444341525
Cells_RadialDistribution_FracAtD_mito_tubeness_17of20,0.035659983195273366
Cells_RadialDistribution_MeanFrac_mito_tubeness_12of20,0.035749446926467025
Cytoplasm_RadialDistribution_MeanFrac_mito_tubeness_12of16,0.030064813991845456
Cytoplasm_Intensity_IntegratedIntensity_Phalloidin,0.03458805550174329
Cells_Correlation_Correlation_Cycle01_DAPI_DAPI_Painting,0.02770422212018266
Nuclei_Texture_Correlation_Phalloidin_5_03_256,0.030505188868634018
Cytoplasm_RadialDistribution_RadialCV_mito_tubeness_15of16,0.031235072846753042
Cells_Correlation_K_Cycle01_DAPI_DAPI_Painting,0.03151103538342435
Cytoplasm_AreaShape_Compactness,0.03410991747576293
Cytoplasm_Intensity_LowerQuartileIntensity_DAPI_Painting,0.03543306890658733
Cells_Intensity_IntegratedIntensityEdge_Mito,0.03404461312578054
Cells_Texture_InfoMeas1_DAPI_Painting_5_02_256,0.03228204395877797
Nuclei_Neighbors_AngleBetweenNeighbors_2,0.03187945251190073
Cells_Texture_Correlation_DAPI_Painting_20_01_256,0.03042006773740745
Cytoplasm_Texture_Correlation_ConA_10_03_256,0.028823700244782258
Cells_Texture_InfoMeas1_DAPI_Painting_20_03_256,0.026054170639330968
Nuclei_Granularity_8_Mito,0.0336443730630828
Cytoplasm_AreaShape_Zernike_7_5,0.029841452703500516
Nuclei_Texture_Entropy_DAPI_Painting_10_01_256,0.03161546462287318
Cytoplasm_AreaShape_Zernike_7_1,0.029807037337248387
Cytoplasm_Intensity_MeanIntensityEdge_DAPI_Painting,0.02876219278210726
Cytoplasm_AreaShape_Zernike_4_2,0.027648835376981394
Cells_RadialDistribution_RadialCV_mito_tubeness_10of16,0.03219814778544118
Cells_RadialDistribution_MeanFrac_DAPI_Painting_4of4,0.03250772602147022
Nuclei_Texture_Entropy_DAPI_Painting_10_03_256,0.030805815584029977
Cells_AreaShape_Zernike_7_5,0.029733552376547387
Cells_AreaShape_Zernike_9_7,0.024511937883584117
Cells_RadialDistribution_RadialCV_mito_tubeness_16of20,0.033350274782419274
Cytoplasm_RadialDistribution_MeanFrac_Phalloidin_4of4,0.03215272740730507
Cytoplasm_Texture_SumVariance_DAPI_Painting_10_03_256,0.03566871836185689
Nuclei_AreaShape_Zernike_9_1,0.026222718010854136
Nuclei_Intensity_IntegratedIntensity_WGA,0.03421105520181004
Cells_Texture_Correlation_Phalloidin_5_02_256,0.034676709388842826
Nuclei_Texture_Correlation_Mito_5_02_256,0.03180482310861259
Cells_RadialDistribution_RadialCV_mito_tubeness_2of20,0.03049633259400911
Nuclei_Texture_Correlation_WGA_5_00_256,0.03312470797146957
Nuclei_AreaShape_Zernike_7_3,0.02939309611728095
Nuclei_AreaShape_Zernike_9_7,0.03199904047223972
Cytoplasm_RadialDistribution_FracAtD_mito_tubeness_14of16,0.03194972388020633
Cells_RadialDistribution_FracAtD_mito_tubeness_13of16,0.033573273225175504
Cytoplasm_AreaShape_Zernike_7_3,0.025943840268000617
Cells_AreaShape_Zernike_5_3,0.027060126224509394
Nuclei_AreaShape_Zernike_5_5,0.03187656982732473
Cells_AreaShape_NormalizedMoment_2_0,0.026369324167409076
Cytoplasm_Granularity_3_DAPI_Painting,0.03360489489604007
Cells_Texture_InverseDifferenceMoment_DAPI_Painting_20_03_256,0.03208039121534168
Cytoplasm_AreaShape_Zernike_9_7,0.025116108980765748
Cytoplasm_AreaShape_Zernike_5_3,0.02741734753035345
Cells_Texture_InverseDifferenceMoment_DAPI_Painting_20_01_256,0.03268344765524642
Cytoplasm_Texture_SumVariance_DAPI_Painting_10_01_256,0.03481396673136794
Cells_AreaShape_Zernike_6_6,0.027591288462888514
Cells_Granularity_3_DAPI_Painting,0.036202402810211406
Cells_Granularity_4_DAPI_Painting,0.03501576091515774
Cells_RadialDistribution_MeanFrac_ConA_1of4,0.033406427228781226
Nuclei_AreaShape_Zernike_4_0,0.03094931347538279
Cytoplasm_Intensity_StdIntensity_DAPI_Painting,0.032311506280426006
Cells_Texture_InfoMeas1_DAPI_Painting_20_01_256,0.02321262431179325
Nuclei_AreaShape_Zernike_3_3,0.032675596635156776
Cytoplasm_Texture_SumEntropy_DAPI_Painting_20_01_256,0.033524268828267076
Cells_Texture_InfoMeas1_DAPI_Painting_5_00_256,0.031892786614497744
Cells_RadialDistribution_RadialCV_ConA_3of4,0.03291488069637869
Cytoplasm_RadialDistribution_FracAtD_DAPI_Painting_3of4,0.034253581989277505
Cells_RadialDistribution_RadialCV_mito_tubeness_13of20,0.030911607701198753
Cytoplasm_AreaShape_Zernike_9_5,0.026553713513790274
Nuclei_AreaShape_HuMoment_3,0.034230084043421954
Nuclei_RadialDistribution_RadialCV_WGA_4of4,0.03440210542009493
Cytoplasm_Correlation_Correlation_Cycle01_DAPI_DAPI_Painting,0.027512176033727555
Cytoplasm_RadialDistribution_FracAtD_DAPI_Painting_1of4,0.03416287030116837
Cells_RadialDistribution_FracAtD_mito_tubeness_9of20,0.03169667637772573
Nuclei_RadialDistribution_FracAtD_Phalloidin_3of4,0.029714603400555015
Cytoplasm_AreaShape_Zernike_4_4,0.027713056764856425
Nuclei_AreaShape_Zernike_6_0,0.027716035416557427
Cells_AreaShape_Zernike_9_5,0.025566217271216555
Nuclei_AreaShape_Zernike_9_3,0.025211271937216687
Cytoplasm_Correlation_Overlap_Cycle01_DAPI_DAPI_Painting,0.029131666055799678
Cells_AreaShape_Zernike_8_8,0.0264824554520436
Cytoplasm_AreaShape_Zernike_9_3,0.0246363586888664
Nuclei_AreaShape_Zernike_9_5,0.024420403739229313
Cytoplasm_AreaShape_Zernike_8_2,0.024265197106631612
Cells_Intensity_MeanIntensityEdge_DAPI_Painting,0.029477682394477824
Cells_Intensity_IntegratedIntensity_DAPI_Painting,0.035684054448115336
Nuclei_AreaShape_Solidity,0.03181363896967818
Cells_AreaShape_Zernike_4_4,0.026546485997945724
Cytoplasm_AreaShape_HuMoment_0,0.030123272214290602
Cells_RadialDistribution_RadialCV_mito_tubeness_11of16,0.030977546220557806
Cells_AreaShape_HuMoment_5,0.02620291460440087
Nuclei_RadialDistribution_RadialCV_DAPI_Painting_3of4,0.033330604037421184
Cytoplasm_AreaShape_Zernike_8_4,0.026363397921608932
Nuclei_AreaShape_Zernike_7_1,0.027093407224045074
Cytoplasm_RadialDistribution_MeanFrac_Mito_3of4,0.03268732203587066
Nuclei_Texture_Correlation_DAPI_Painting_5_02_256,0.031241369409900435
Nuclei_Granularity_1_DAPI_Painting,0.032104938070930324
Cytoplasm_Texture_Correlation_DAPI_Painting_20_02_256,0.02949002940214609
Cytoplasm_AreaShape_NormalizedMoment_2_0,0.03001208660217447
Nuclei_AreaShape_Extent,0.032972701614994826
Cytoplasm_RadialDistribution_FracAtD_WGA_3of4,0.025428782829678895
Cells_RadialDistribution_FracAtD_mito_tubeness_1of20,0.025905429879984704
Cytoplasm_RadialDistribution_MeanFrac_mito_tubeness_17of20,0.027248928206024203
Cells_RadialDistribution_MeanFrac_Mito_2of4,0.03182127095446218
Cytoplasm_Granularity_1_ConA,0.03432501269104479
Nuclei_AreaShape_NormalizedMoment_0_2,0.021515765067287695
Nuclei_AreaShape_Zernike_4_2,0.030785026443965937
Cells_RadialDistribution_RadialCV_mito_tubeness_14of20,0.029849868859660487
Cytoplasm_AreaShape_Zernike_0_0,0.03131629381806726
Cytoplasm_RadialDistribution_FracAtD_mito_tubeness_14of20,0.02904223015867021
Cytoplasm_Granularity_9_ConA,0.029400272078782125
Cytoplasm_Texture_Correlation_DAPI_Painting_20_00_256,0.028609925125045753
Cytoplasm_Texture_Contrast_DAPI_Painting_20_02_256,0.028473944199638702
Nuclei_AreaShape_Zernike_8_4,0.026273775233528786
Cells_RadialDistribution_RadialCV_mito_tubeness_15of20,0.030841677664315396
Cytoplasm_AreaShape_Zernike_6_2,0.026549984856089
Cytoplasm_RadialDistribution_RadialCV_mito_tubeness_14of16,0.028829458248702467
Cells_Texture_InfoMeas2_DAPI_Painting_20_01_256,0.026357002353748448
Cytoplasm_AreaShape_HuMoment_1,0.02938904274306002
Cells_RadialDistribution_MeanFrac_DAPI_Painting_2of4,0.03201067771919358
Cells_Intensity_IntegratedIntensityEdge_DAPI_Painting,0.031333284491039004
Cells_Texture_InfoMeas2_DAPI_Painting_20_03_256,0.024628186339483334
Cells_AreaShape_Zernike_6_0,0.021010988058126158
Cells_AreaShape_Zernike_8_4,0.022866812141635058
Cytoplasm_Texture_SumAverage_DAPI_Painting_20_03_256,0.0251092083335235
Cells_AreaShape_Zernike_7_3,0.02397909392899637
Cells_AreaShape_HuMoment_4,0.02589197881648153
Cells_Granularity_9_DAPI_Painting,0.029892296140305693
Cells_RadialDistribution_RadialCV_DAPI_Painting_2of4,0.029667582748876913
Cells_Granularity_8_DAPI_Painting,0.030939399951588707
Cytoplasm_RadialDistribution_FracAtD_WGA_4of4,0.025483647247333634
Nuclei_Intensity_StdIntensityEdge_DAPI_Painting,0.03343450099823784
Cytoplasm_Intensity_LowerQuartileIntensity_WGA,0.03366478458453991
Cytoplasm_Texture_Entropy_DAPI_Painting_20_03_256,0.03205540930995414
Cytoplasm_AreaShape_NormalizedMoment_0_2,0.028351454600410508
Cytoplasm_RadialDistribution_FracAtD_DAPI_Painting_4of4,0.0325181076534042
Nuclei_AreaShape_Zernike_6_2,0.025562827833291363
Nuclei_AreaShape_Zernike_8_2,0.021202640612933674
Cytoplasm_RadialDistribution_FracAtD_mito_tubeness_17of20,0.029475588885955306
Cytoplasm_Texture_DifferenceEntropy_DAPI_Painting_20_03_256,0.028236342878870096
Nuclei_Intensity_MassDisplacement_DAPI_Painting,0.03210930844137799
Cells_AreaShape_Zernike_9_3,0.02339469471726494
Cytoplasm_Texture_SumAverage_DAPI_Painting_20_01_256,0.024416451366448443
Cytoplasm_Correlation_Overlap_Cycle01_DAPI_Phalloidin,0.02798195258383963
Cytoplasm_AreaShape_Zernike_3_1,0.027197955690726833
Cytoplasm_RadialDistribution_RadialCV_mito_tubeness_12of16,0.031030565808560603
Cytoplasm_AreaShape_Zernike_2_2,0.027885703889091173
Cells_AreaShape_Zernike_1_1,0.023872798033575678
Cytoplasm_RadialDistribution_MeanFrac_DAPI_Painting_1of4,0.033600461578614585
Nuclei_Granularity_10_WGA,0.026171014254381005
Cells_RadialDistribution_RadialCV_Phalloidin_2of4,0.029445638512759626
Cells_Granularity_10_DAPI_Painting,0.026659409115936443
Nuclei_Texture_Correlation_DAPI_Painting_5_00_256,0.029908240106479668
Cells_Texture_Correlation_Phalloidin_20_00_256,0.029788512390965
Nuclei_AreaShape_Zernike_8_0,0.02347928293917475
Cytoplasm_RadialDistribution_RadialCV_DAPI_Painting_4of4,0.03086214442609091
Nuclei_Correlation_K_DAPI_Painting_Cycle01_DAPI,0.026073173300936864
Cells_Intensity_MaxIntensityEdge_DAPI_Painting,0.02827694689777862
Cytoplasm_Correlation_K_Cycle01_DAPI_Phalloidin,0.028915916724720995
Cytoplasm_RadialDistribution_FracAtD_Mito_1of4,0.027195357389914177
Nuclei_AreaShape_NormalizedMoment_2_0,0.020655495326628217
Cytoplasm_Texture_Variance_DAPI_Painting_20_00_256,0.025095010209894623
Cytoplasm_AreaShape_NormalizedMoment_2_2,0.026852950977813442
Cells_Granularity_7_DAPI_Painting,0.030085955150337542
Nuclei_Correlation_Correlation_Cycle01_DAPI_DAPI_Painting,0.020508660446995022
Cells_RadialDistribution_RadialCV_mito_tubeness_3of20,0.02390864708220505
Nuclei_AreaShape_HuMoment_5,0.02193235365939264
Cells_Intensity_MinIntensity_WGA,0.03222723373951894
Cytoplasm_AreaShape_HuMoment_2,0.03012746129373519
Nuclei_Granularity_5_DAPI_Painting,0.028630323957288577
Cytoplasm_Texture_DifferenceEntropy_DAPI_Painting_20_01_256,0.027854524244678654
Cells_AreaShape_Zernike_7_1,0.019211859203568892
Cytoplasm_AreaShape_HuMoment_3,0.02847400945541822
Cytoplasm_RadialDistribution_FracAtD_DAPI_Painting_2of4,0.031612197077468
Cells_Correlation_K_Mito_Cycle01_DAPI,0.029889628366621384
Cells_Intensity_MassDisplacement_Phalloidin,0.029599451876616605
Nuclei_AreaShape_Zernike_7_5,0.027510406300463416
Nuclei_AreaShape_HuMoment_2,0.03215202158606315
Cytoplasm_RadialDistribution_RadialCV_mito_tubeness_20of20,0.02786165535483641
Cytoplasm_RadialDistribution_FracAtD_WGA_2of4,0.025644089433050073
Cytoplasm_AreaShape_Extent,0.02789801857406855
Cytoplasm_AreaShape_Zernike_3_3,0.022422566108245157
Cytoplasm_AreaShape_Zernike_5_1,0.029343368783049946
Cytoplasm_Texture_InfoMeas1_DAPI_Painting_5_01_256,0.02976318946026362
Cells_Texture_Correlation_Phalloidin_20_02_256,0.029533022593855783
Cells_AreaShape_Zernike_8_0,0.019292272639367388
Cytoplasm_RadialDistribution_RadialCV_mito_tubeness_13of16,0.027914624287942186
Cytoplasm_AreaShape_HuMoment_6,0.029306521733017715
Cytoplasm_Texture_SumVariance_DAPI_Painting_20_00_256,0.025212908383327744
Nuclei_Granularity_11_Phalloidin,0.023875311717381137
Cells_AreaShape_Zernike_2_2,0.0257504446761765
Cells_RadialDistribution_RadialCV_mito_tubeness_2of16,0.023730290682423494
Cytoplasm_Correlation_K_WGA_Cycle01_DAPI,0.028340043012677188
Cells_Granularity_11_DAPI_Painting,0.024774712144997706
Cells_AreaShape_Zernike_8_2,0.017462323530769035
Cells_AreaShape_NormalizedMoment_3_2,0.020787349485819905
Cytoplasm_AreaShape_CentralMoment_1_2,0.018365085596570765
Cells_AreaShape_CentralMoment_1_3,0.01741188838547391
Cytoplasm_AreaShape_CentralMoment_1_0,0.020032302674910532
Cytoplasm_Texture_InfoMeas1_DAPI_Painting_5_03_256,0.028506260706175807
Cells_RadialDistribution_FracAtD_mito_tubeness_10of20,0.029178326468383683
Nuclei_AreaShape_NormalizedMoment_3_2,0.017467496063554046
Nuclei_AreaShape_HuMoment_4,0.01734830301524269
Cells_Correlation_K_Cycle01_DAPI_ConA,0.027619488827052473
Cells_AreaShape_Zernike_6_2,0.02046474262377353
Cytoplasm_RadialDistribution_RadialCV_mito_tubeness_17of20,0.02701153788895709
Cells_AreaShape_HuMoment_6,0.023496759499106446
Nuclei_AreaShape_Zernike_1_1,0.029946884992323924
Cells_AreaShape_Zernike_9_9,0.022542064172127257
Cytoplasm_Intensity_IntegratedIntensityEdge_ConA,0.027223266514759033
Cytoplasm_Texture_Correlation_ConA_20_00_256,0.024307746650097745
Cells_AreaShape_InertiaTensor_1_0,0.01513465647236077
Cells_Intensity_IntegratedIntensity_MaskedScores_IntValues,0.03199384959151736
Cytoplasm_AreaShape_Solidity,0.02728055731201633
Cells_Correlation_Correlation_Cycle01_DAPI_Phalloidin,0.031286129220750095
Cells_AreaShape_Zernike_3_3,0.021306180384284484
Nuclei_Granularity_16_WGA,0.021910072402005074
Cells_Granularity_14_DAPI_Painting,0.02181505331244872
Cytoplasm_AreaShape_NormalizedMoment_1_2,0.019082294814763614
Cells_AreaShape_Zernike_5_1,0.02133860956840217
Nuclei_Granularity_13_Phalloidin,0.021608255223115713
Cytoplasm_Texture_SumVariance_DAPI_Painting_20_02_256,0.024812468770229648
Cytoplasm_AreaShape_Zernike_8_0,0.020993170080144997
Nuclei_AreaShape_Zernike_5_1,0.02776679972085048
Cells_Intensity_StdIntensityEdge_DAPI_Painting,0.026727096011408807
Cells_AreaShape_Zernike_9_1,0.018086304903802714
Cells_AreaShape_CentralMoment_0_3,0.019064457398413
Cytoplasm_AreaShape_CentralMoment_0_1,0.016820526204118873
Cells_Granularity_6_DAPI_Painting,0.0264804810524377
Cytoplasm_AreaShape_NormalizedMoment_0_3,0.017171318943535775
Nuclei_RadialDistribution_RadialCV_Phalloidin_3of4,0.030060371369714903
Cells_AreaShape_NormalizedMoment_0_3,0.017381336542988384
Cells_AreaShape_BoundingBoxMinimum_Y,0.016728418966029647
Cells_Granularity_12_DAPI_Painting,0.022519662062561566
Cells_Neighbors_SecondClosestObjectNumber_Adjacent,0.020788895236449275
Cells_AreaShape_CentralMoment_1_0,0.01725177285793674
Cytoplasm_AreaShape_NormalizedMoment_1_3,0.016367700555034125
Cytoplasm_AreaShape_Zernike_7_7,0.021526163895648757
Cytoplasm_AreaShape_CentralMoment_2_3,0.01897255799571436
Cells_AreaShape_Orientation,0.01587620370998833
Cytoplasm_AreaShape_NormalizedMoment_2_3,0.01908756577576541
Cytoplasm_AreaShape_NormalizedMoment_3_2,0.02111338594301043
Cytoplasm_AreaShape_Zernike_1_1,0.022275781343174587
Cytoplasm_AreaShape_Zernike_6_0,0.026569084904453255
Cytoplasm_Granularity_13_DAPI_Painting,0.022623615445947133
Cytoplasm_AreaShape_Zernike_9_1,0.019181673392892087
Cells_AreaShape_CentralMoment_0_1,0.017132038621192353
Nuclei_AreaShape_CentralMoment_1_3,0.017972053228622907
Nuclei_AreaShape_InertiaTensor_1_0,0.018337329201588804
Cytoplasm_AreaShape_NormalizedMoment_3_1,0.01570747566698642
Cytoplasm_Granularity_4_DAPI_Painting,0.02981116949009216
Cytoplasm_AreaShape_HuMoment_4,0.02473150951271618
Cytoplasm_Texture_InfoMeas2_DAPI_Painting_5_00_256,0.027697220819098707
Nuclei_AreaShape_HuMoment_6,0.023322664281269636
Cells_AreaShape_NormalizedMoment_3_0,0.02085635169380189
Nuclei_Granularity_12_Phalloidin,0.023294842466875448
Cells_AreaShape_CentralMoment_2_1,0.018625113226378418
Cytoplasm_AreaShape_NormalizedMoment_3_3,0.015331788028779197
Cells_AreaShape_NormalizedMoment_1_2,0.020782974943583422
Cells_AreaShape_Zernike_5_5,0.020783381563600233
Nuclei_AreaShape_Zernike_5_3,0.027028402933938097
Cells_AreaShape_BoundingBoxMinimum_X,0.015652152682559598
Cells_RadialDistribution_MeanFrac_mito_tubeness_11of20,0.030094084893981608
Nuclei_AreaShape_NormalizedMoment_2_3,0.01773784141389521
Nuclei_AreaShape_CentralMoment_0_3,0.018748690785911043
Nuclei_AreaShape_Zernike_6_6,0.026910893165019295
Cytoplasm_AreaShape_HuMoment_5,0.030020002995347624
Cytoplasm_AreaShape_CentralMoment_0_3,0.016413516610933
Cytoplasm_AreaShape_Orientation,0.01595643292653505
Nuclei_AreaShape_CentralMoment_2_1,0.018083150725445873
Nuclei_Intensity_MaxIntensityEdge_DAPI_Painting,0.03070000420959567
Cytoplasm_AreaShape_Zernike_5_5,0.021082442958307482
Nuclei_AreaShape_NormalizedMoment_3_0,0.02034682925027325
Cytoplasm_AreaShape_NormalizedMoment_3_0,0.022711622129810344
Cytoplasm_AreaShape_NormalizedMoment_2_1,0.01863882808414886
Cells_AreaShape_CentralMoment_1_2,0.019233446881657842
Nuclei_Intensity_MassDisplacement_Mito,0.02930965098962818
Cytoplasm_AreaShape_CentralMoment_2_1,0.017846397802299227
Nuclei_Intensity_IntegratedIntensity_DAPI_Painting,0.030230317273704028
Nuclei_AreaShape_CentralMoment_1_0,0.0191441335782217
Nuclei_AreaShape_CentralMoment_1_2,0.01657458170109418
Cytoplasm_RadialDistribution_FracAtD_mito_tubeness_12of16,0.025515985491017603
Cells_AreaShape_CentralMoment_2_3,0.01783214704708924
Cytoplasm_Texture_InfoMeas2_DAPI_Painting_5_02_256,0.028296879546665724
Cytoplasm_Texture_Correlation_WGA_20_02_256,0.023722464551314444
Cells_AreaShape_NormalizedMoment_2_1,0.016100433185847602
Cytoplasm_Intensity_StdIntensityEdge_DAPI_Painting,0.029344858633052005
Cells_AreaShape_NormalizedMoment_2_3,0.01737752890487121
